A,R,N,D,C,Q,E,G,H,I,L,K,M,F,P,S,T,W,Y,V,X
-2.052305154110227,-6.426838833582459,-8.329060952934359,-3.5300132494168257,13.971888387515058,-8.017217741926942,-6.796396429255383,-6.6924258336325995,-0.544036229078385,7.212054207632394,5.166468783549988,-7.7547335086408005,9.672226088851167,10.376521404142295,-8.406852209739732,-7.365594200157041,-1.0111600946808497,11.432756441204207,3.130185992814597,5.964533131445896,8.10912992208559e-17
9.535669751863864,-6.591094527534997,-2.1058586121828005,-0.09049865360558765,3.399293695763355,-6.150292201058999,-2.4843378501000544,10.157640546830637,-8.285930230911779,1.8495028367532467,4.792970009959161,-1.4154858321206023,-4.466894618446806,-0.8813599257683477,-1.2146624980314755,5.514520409879198,3.669933302808793,-6.603061124832061,-4.884485385970644,6.254430906705887,-1.403447035422995e-16
-2.014082416436661,0.08781137421081267,-1.9157162997718504,7.724435959601782,6.012917081831034,0.46090585635254455,4.688477556787415,-2.964587964777963,-3.9644798738036555,-2.791595926589669,-2.526126215344401,4.896362365672559,-1.9906597588861474,-1.413432676082859,-5.304312853402627,-1.1794142370948009,4.453395270379807,0.23630424572189357,-2.038744817476851,-0.45745667089035685,5.952291570410126e-17
-0.4745055961090092,-0.7529172711470786,-0.4181327053922872,1.1452502611016797,3.7363689318310254,-0.20912937512345686,-0.6038830385239393,2.271026937804236,1.9097459424236056,-1.7201839330083144,-2.4019026063641253,-2.210991736602518,0.5339115423308471,-0.8725378736997079,3.6810131967978235,-0.35087767106108264,-0.4276591319678731,0.6401116270297108,-2.079931833189957,-1.394775667129588,-3.7956072923161385e-16
-0.5946254014956113,2.2279699588139943,-1.7885573403396378,-2.0537322412852608,1.0061070988828404,0.04593592850591935,-0.623849273901717,1.8090619868383413,-0.8771898647103958,-0.9439949310168071,0.9050823429280418,2.7696941084016595,-2.2294910574453723,0.9417619284145051,0.6201366522030473,-0.9834863249862467,-1.3852053568993374,1.629246314913563,-0.29256941598309055,-0.18229511183844277,9.176743206273592e-17
-0.6244902906773447,-2.2983703092206054,-0.7249990538479474,1.44195744510627,-1.2438727562360279,-0.27854208170452693,0.5277416567869513,-0.07458475750213267,-2.1694552663055475,-0.07511315075000963,0.9331230165615138,0.39408423138426263,-0.08113535885256715,0.32331421582143055,2.899346365447495,-1.1830626412410719,0.11723790306770034,0.8486248227649503,1.8447183476331657,-0.5765223382359577,-3.2009422361629377e-16
-0.39807635703205957,-1.152527572322492,1.1197128011926238,-1.7815685037197457,1.6514658349227225,1.1550135936425898,-0.7540872979526537,-1.7308721356794947,-1.0211472259520293,1.1024277698920786,-0.22482433157744694,1.831886392661235,0.6734078502985426,-0.5160441666826642,1.2710635308689944,0.7145811786918586,-0.11000727872567673,-0.9768994170154841,-0.7372966038536165,-0.11620806165729639,-4.1537796450730946e-16
0.033410450214990325,-1.3770596408438005,0.6777960158449611,-0.08733053320583001,0.07984198780030032,0.14505685070465774,0.072813213284474,1.8809200297643554,0.032802546671458474,-0.1708941694858535,-0.5889997577664904,1.185854086274331,1.3474734387772211,-0.6124441866074467,-1.509837344001453,-0.192572666835576,-1.2899207895206384,0.27911201785013595,0.9420755012237745,-0.8480970501435618,4.028458225779234e-16
0.3169730461236801,-0.5428571229737778,-0.762979588264093,0.2659885887389045,-0.5899665339877245,-1.4279082492753403,-0.4885704556258771,-0.34257481602175277,1.8257309820093008,-0.15790230936919322,0.1455215021868374,1.776898280794765,0.5075141467044817,-0.13256789208188985,0.39540325404834836,-0.6210267772869876,0.5731291136418919,-0.576520635821171,-0.5131790527276671,0.3488945191872806,-1.1924908539137476e-16
0.7221233775444524,-0.25293599305832865,-0.08413802653243627,-0.002998255151196949,-1.1118989361742042,0.20009935615279384,-0.13047393159788107,-0.13928195895210485,-0.5975983204571313,-0.04785040576336417,-0.7720027999478276,0.28069528009049877,0.6455645138029519,0.431033133042168,-0.011899864402024805,0.6262256183238526,0.2248052581485205,1.7975246044765303,-1.6661236625308393,-0.11086898701444209,-6.131336849045993e-17
-0.24878266085743683,-0.4402596978630103,0.26044497717726844,-0.9318732876045792,0.055283251655740134,-0.2589341847351599,-0.32551574417533025,0.1018166275384634,0.14898130597815162,-1.0028493079959213,-0.6556750767155733,0.017967253420689763,-0.35140966366241166,0.5441600311729062,-0.12260414451633073,0.6405681903109581,1.5388666418057222,0.2850106410694229,0.9540253726466675,-0.20922052465024193,2.0264773489709153e-16
